"Layer";"Herbivory";"Pollination";"Seed_dispersal"
"Herbivory";1;0.148132283639767;0.625161052832751
"Pollination";0.148132283639767;1;0
"Seed_dispersal";0.625161052832751;0;1
