"Layer";"Herbivory";"Pollination";"Seed_dispersal"
"Herbivory";1;0.171948471208634;0.235614195713552
"Pollination";0.171948471208634;1;-0.0366221221645017
"Seed_dispersal";0.235614195713552;-0.0366221221645017;1
